DLC1,DLC2
,Beyond the Baltic Sea
,Feldbinder Trailer Pack
,Going East!
,Greece
,Iberia
,Italia
,Krone Trailer Pack
,Scandinavia
,Vive la France !
,West Balkans
Beyond the Baltic Sea,Going East!
Beyond the Baltic Sea,Nordic Horizons
Beyond the Baltic Sea,Scandinavia
Going East!,Road to the Black Sea
Going East!,Scandinavia
Going East!,West Balkans
Greece,Italia
Greece,Road to the Black Sea
Greece,West Balkans
Iberia,Italia
Iberia,Vive la France !
Italia,Vive la France !
Italia,West Balkans
Nordic Horizons,Scandinavia
Road to the Black Sea,West Balkans