DLC,State
,Austria
,Belgium and Luxembourg
,Czech Republic
,France
,Germany
Krone Trailer Pack,Germany
Feldbinder Trailer Pack,Germany
,Italy
,Netherlands
,Poland
,Slovakia
,Switzerland
,United Kingdom
Going East!,Czech Republic
Going East!,Hungary
Going East!,Slovakia
Going East!,Poland
Scandinavia,Denmark
Scandinavia,Norway
Scandinavia,Sweden
Vive la France !,France
Italia,Italy
Beyond the Baltic Sea,Estonia
Beyond the Baltic Sea,Finland
Beyond the Baltic Sea,Latvia
Beyond the Baltic Sea,Lithuania
Beyond the Baltic Sea,Kaliningrad
Beyond the Baltic Sea,Russia
Road to the Black Sea,Bulgaria
Road to the Black Sea,Romania
Road to the Black Sea,Turkiye
Iberia,Portugal
Iberia,Spain
West Balkans,Albania
West Balkans,Bosnia and Herzegovina
West Balkans,Croatia
West Balkans,Kosovo
West Balkans,Montenegro
West Balkans,North Macedonia
West Balkans,Serbia
West Balkans,Slovenia
Greece,Greece
Nordic Horizons,Finland
Nordic Horizons,Norway
Nordic Horizons,Sweden